{"epoch": 55, "train_acc": 1.0000001192092896, "train_loss": 0.0007724676979705691, "train_nll": 0.00033236792660318315, "train_prior": 0.00044009980047121644, "val_or_test_acc": 0.5083333253860474, "val_or_test_loss": 1.6901099681854248, "val_or_test_nll": 1.6896698474884033, "val_or_test_prior": 0.00044009980047121644, "_timestamp": 1699562685.4646678, "_runtime": 66.94971680641174, "_step": 55, "_wandb": {"runtime": 67}}