{"epoch": 68, "train_acc": 1.0000001192092896, "train_loss": 0.0003416274848859757, "train_nll": 0.0003416274848859757, "train_prior": 0.0, "val_or_test_acc": 0.42500001192092896, "val_or_test_loss": 1.9620180130004883, "val_or_test_nll": 1.9620180130004883, "val_or_test_prior": 0.0, "_timestamp": 1699564151.6227136, "_runtime": 43.08423447608948, "_step": 68, "_wandb": {"runtime": 42}}