{"epoch": 60, "train_acc": 1.0000001192092896, "train_loss": -67315.2109375, "train_nll": 0.009446912445127964, "train_prior": 67315.21875, "val_or_test_acc": 0.30000001192092896, "val_or_test_loss": -269259.3125, "val_or_test_nll": 1.565169334411621, "val_or_test_prior": 269260.875, "_timestamp": 1699562967.928415, "_runtime": 190.72807908058167, "_step": 60, "_wandb": {"runtime": 192}}