{"epoch": 44, "train_acc": 1.0000001192092896, "train_loss": 0.00031035643769428134, "train_nll": 0.00031035643769428134, "train_prior": 0.0, "val_or_test_acc": 0.5083333253860474, "val_or_test_loss": 1.9442476034164429, "val_or_test_nll": 1.9442476034164429, "val_or_test_prior": 0.0, "_timestamp": 1699564302.4493952, "_runtime": 30.957388162612915, "_step": 44, "_wandb": {"runtime": 30}}