{"epoch": 55, "train_acc": 1.0000001192092896, "train_loss": 0.00038459361530840397, "train_nll": 0.00038459361530840397, "train_prior": 0.0, "val_or_test_acc": 0.5083333253860474, "val_or_test_loss": 1.5821480751037598, "val_or_test_nll": 1.5821480751037598, "val_or_test_prior": 0.0, "_timestamp": 1699562559.358873, "_runtime": 37.22212100028992, "_step": 55, "_wandb": {"runtime": 37}}