{"epoch": 63, "train_acc": 1.0000001192092896, "train_loss": 0.00037451766547746956, "train_nll": 0.00037451766547746956, "train_prior": 0.0, "val_or_test_acc": 0.3499999940395355, "val_or_test_loss": 1.9858980178833008, "val_or_test_nll": 1.9858980178833008, "val_or_test_prior": 0.0, "_timestamp": 1699568579.1015658, "_runtime": 39.761520862579346, "_step": 63, "_wandb": {"runtime": 39}}