{"epoch": 43, "train_acc": 1.0000001192092893, "train_loss": 34591.07071875, "train_nll": 0.003899530652910471, "train_prior": -34591.06640625, "val_or_test_acc": 0.7856517779350283, "val_or_test_loss": 3459.8315515625004, "val_or_test_nll": 0.7248535438537599, "val_or_test_prior": -3459.1066894531236, "_timestamp": 1698439960.8743234, "_runtime": 3637.130969285965, "_step": 43, "_wandb": {"runtime": 3687}}